{
  "accuracy": [
    0.5208333134651184,
    0.5208333134651184,
    0.5416666865348816,
    0.6458333134651184,
    0.6458333134651184,
    0.7291666865348816,
    1.0,
    0.9791666865348816
  ],
  "loss": [
    0.9466493129730225,
    0.7112812399864197,
    0.6389341950416565,
    0.6434778571128845,
    0.5957165956497192,
    0.4954541027545929,
    0.37138065695762634,
    0.20340795814990997
  ],
  "val_accuracy": [
    0.3333333432674408,
    0.3333333432674408,
    0.3333333432674408,
    0.3333333432674408,
    0.3333333432674408,
    0.6666666865348816,
    0.6666666865348816,
    0.6666666865348816
  ],
  "val_loss": [
    1.399523377418518,
    2.5752267837524414,
    3.093569755554199,
    2.9850053787231445,
    2.864816427230835,
    2.63641619682312,
    2.561879873275757,
    3.1684770584106445
  ]
}